scenario,replication,seed,n,tau,estimator,estimate,bias,success,error,n_total,n_treated,n_control,n_matched_treated,n_unique_matched_controls,uses_matching,estimand,covariates,uses_forbidden_variables,mean_match_distance,max_match_distance,share_treated_outside_common_support,warnings,model_formula,params_overridden,matching_options
A,0,20360501,500,2.0,psm,2.412620033969753,0.4126200339697532,True,,500,254,246,254.0,114.0,True,ATT,"x1,x2",False,0.0037571884660264005,0.07739487904303466,0.05511811023622047,,,False,{}
A,0,20360501,500,2.0,did,2.112506876951345,0.11250687695134509,True,,500,254,246,,,False,ATE/ATT under constant tau,,False,,,,,delta_y ~ treated,False,{}
A,0,20360501,500,2.0,did_with_covariates,2.087685692772251,0.08768569277225113,True,,500,254,246,,,False,ATE/ATT under constant tau,"x1,x2",False,,,,,delta_y ~ treated + x1 + x2,False,{}
A,0,20360501,500,2.0,psm_did,2.080650335459368,0.08065033545936817,True,,500,254,246,254.0,114.0,True,ATT,"x1,x2",False,0.0037571884660264005,0.07739487904303466,0.05511811023622047,,,False,{}
A,1,20360502,500,2.0,psm,2.2827183007191816,0.2827183007191816,True,,500,259,241,259.0,135.0,True,ATT,"x1,x2",False,0.001861291095243541,0.040439867394920115,0.007722007722007722,,,False,{}
A,1,20360502,500,2.0,did,1.9554620678596453,-0.04453793214035473,True,,500,259,241,,,False,ATE/ATT under constant tau,,False,,,,,delta_y ~ treated,False,{}
A,1,20360502,500,2.0,did_with_covariates,1.9133947080629552,-0.0866052919370448,True,,500,259,241,,,False,ATE/ATT under constant tau,"x1,x2",False,,,,,delta_y ~ treated + x1 + x2,False,{}
A,1,20360502,500,2.0,psm_did,1.7094767093408283,-0.2905232906591717,True,,500,259,241,259.0,135.0,True,ATT,"x1,x2",False,0.001861291095243541,0.040439867394920115,0.007722007722007722,,,False,{}
A,2,20360503,500,2.0,psm,2.6916602124355897,0.6916602124355897,True,,500,252,248,252.0,132.0,True,ATT,"x1,x2",False,0.002741267937209648,0.08611337205330427,0.03571428571428571,,,False,{}
A,2,20360503,500,2.0,did,2.1133912212457227,0.11339122124572265,True,,500,252,248,,,False,ATE/ATT under constant tau,,False,,,,,delta_y ~ treated,False,{}
A,2,20360503,500,2.0,did_with_covariates,2.1333776372953026,0.1333776372953026,True,,500,252,248,,,False,ATE/ATT under constant tau,"x1,x2",False,,,,,delta_y ~ treated + x1 + x2,False,{}
A,2,20360503,500,2.0,psm_did,2.2209334282317688,0.22093342823176876,True,,500,252,248,252.0,132.0,True,ATT,"x1,x2",False,0.002741267937209648,0.08611337205330427,0.03571428571428571,,,False,{}
A,3,20360504,500,2.0,psm,2.3234202988177186,0.3234202988177186,True,,500,252,248,252.0,121.0,True,ATT,"x1,x2",False,0.005146668835121689,0.06665948249476894,0.0,,,False,{}
A,3,20360504,500,2.0,did,1.8739911018726632,-0.12600889812733684,True,,500,252,248,,,False,ATE/ATT under constant tau,,False,,,,,delta_y ~ treated,False,{}
A,3,20360504,500,2.0,did_with_covariates,1.9182881902257398,-0.08171180977426018,True,,500,252,248,,,False,ATE/ATT under constant tau,"x1,x2",False,,,,,delta_y ~ treated + x1 + x2,False,{}
A,3,20360504,500,2.0,psm_did,2.018104596314124,0.018104596314123977,True,,500,252,248,252.0,121.0,True,ATT,"x1,x2",False,0.005146668835121689,0.06665948249476894,0.0,,,False,{}
A,4,20360505,500,2.0,psm,2.8317338680059962,0.8317338680059962,True,,500,249,251,249.0,122.0,True,ATT,"x1,x2",False,0.0030918702771806565,0.08932230839718402,0.03614457831325301,,,False,{}
A,4,20360505,500,2.0,did,2.023883681821225,0.02388368182122491,True,,500,249,251,,,False,ATE/ATT under constant tau,,False,,,,,delta_y ~ treated,False,{}
A,4,20360505,500,2.0,did_with_covariates,2.11855188460569,0.1185518846056901,True,,500,249,251,,,False,ATE/ATT under constant tau,"x1,x2",False,,,,,delta_y ~ treated + x1 + x2,False,{}
A,4,20360505,500,2.0,psm_did,2.195262310188865,0.19526231018886486,True,,500,249,251,249.0,122.0,True,ATT,"x1,x2",False,0.0030918702771806565,0.08932230839718402,0.03614457831325301,,,False,{}
A,5,20360506,500,2.0,psm,2.387857136437777,0.387857136437777,True,,500,252,248,252.0,116.0,True,ATT,"x1,x2",False,0.004624214868564663,0.10607133865050589,0.06349206349206349,,,False,{}
A,5,20360506,500,2.0,did,1.8765714058207077,-0.1234285941792923,True,,500,252,248,,,False,ATE/ATT under constant tau,,False,,,,,delta_y ~ treated,False,{}
A,5,20360506,500,2.0,did_with_covariates,1.80171781686815,-0.19828218313184998,True,,500,252,248,,,False,ATE/ATT under constant tau,"x1,x2",False,,,,,delta_y ~ treated + x1 + x2,False,{}
A,5,20360506,500,2.0,psm_did,2.0036397924309806,0.0036397924309805596,True,,500,252,248,252.0,116.0,True,ATT,"x1,x2",False,0.004624214868564663,0.10607133865050589,0.06349206349206349,,,False,{}
A,6,20360507,500,2.0,psm,2.5663653359883893,0.5663653359883893,True,,500,252,248,252.0,109.0,True,ATT,"x1,x2",False,0.0030649136718429453,0.06303319003174468,0.01984126984126984,,,False,{}
A,6,20360507,500,2.0,did,1.8881994755677571,-0.11180052443224286,True,,500,252,248,,,False,ATE/ATT under constant tau,,False,,,,,delta_y ~ treated,False,{}
A,6,20360507,500,2.0,did_with_covariates,1.8627489235325487,-0.13725107646745127,True,,500,252,248,,,False,ATE/ATT under constant tau,"x1,x2",False,,,,,delta_y ~ treated + x1 + x2,False,{}
A,6,20360507,500,2.0,psm_did,2.0669916740563314,0.06699167405633144,True,,500,252,248,252.0,109.0,True,ATT,"x1,x2",False,0.0030649136718429453,0.06303319003174468,0.01984126984126984,,,False,{}
A,7,20360508,500,2.0,psm,2.706945748393318,0.7069457483933181,True,,500,259,241,259.0,118.0,True,ATT,"x1,x2",False,0.006432674160675461,0.07612169924530565,0.06177606177606178,,,False,{}
A,7,20360508,500,2.0,did,2.095054963672169,0.09505496367216892,True,,500,259,241,,,False,ATE/ATT under constant tau,,False,,,,,delta_y ~ treated,False,{}
A,7,20360508,500,2.0,did_with_covariates,2.1204970118498654,0.12049701184986539,True,,500,259,241,,,False,ATE/ATT under constant tau,"x1,x2",False,,,,,delta_y ~ treated + x1 + x2,False,{}
A,7,20360508,500,2.0,psm_did,2.028157611823449,0.028157611823449002,True,,500,259,241,259.0,118.0,True,ATT,"x1,x2",False,0.006432674160675461,0.07612169924530565,0.06177606177606178,,,False,{}
A,8,20360509,500,2.0,psm,2.538788826613691,0.5387888266136911,True,,500,247,253,247.0,112.0,True,ATT,"x1,x2",False,0.0034952586641005747,0.08276372089830775,0.044534412955465584,,,False,{}
A,8,20360509,500,2.0,did,2.079002335423756,0.0790023354237559,True,,500,247,253,,,False,ATE/ATT under constant tau,,False,,,,,delta_y ~ treated,False,{}
A,8,20360509,500,2.0,did_with_covariates,2.030500593430029,0.030500593430029088,True,,500,247,253,,,False,ATE/ATT under constant tau,"x1,x2",False,,,,,delta_y ~ treated + x1 + x2,False,{}
A,8,20360509,500,2.0,psm_did,1.9870293051008752,-0.012970694899124835,True,,500,247,253,247.0,112.0,True,ATT,"x1,x2",False,0.0034952586641005747,0.08276372089830775,0.044534412955465584,,,False,{}
A,9,20360510,500,2.0,psm,2.5813184422264923,0.5813184422264923,True,,500,237,263,237.0,120.0,True,ATT,"x1,x2",False,0.0028142601645411293,0.03168196955814251,0.012658227848101266,,,False,{}
A,9,20360510,500,2.0,did,2.0380823875275342,0.038082387527534234,True,,500,237,263,,,False,ATE/ATT under constant tau,,False,,,,,delta_y ~ treated,False,{}
A,9,20360510,500,2.0,did_with_covariates,1.9480110517432496,-0.05198894825675038,True,,500,237,263,,,False,ATE/ATT under constant tau,"x1,x2",False,,,,,delta_y ~ treated + x1 + x2,False,{}
A,9,20360510,500,2.0,psm_did,1.9218275495358423,-0.07817245046415766,True,,500,237,263,237.0,120.0,True,ATT,"x1,x2",False,0.0028142601645411293,0.03168196955814251,0.012658227848101266,,,False,{}
A,10,20360511,500,2.0,psm,2.3403738846578706,0.34037388465787055,True,,500,248,252,248.0,126.0,True,ATT,"x1,x2",False,0.0018590867789098071,0.013544305304240112,0.004032258064516129,,,False,{}
A,10,20360511,500,2.0,did,2.0863302275361018,0.08633022753610176,True,,500,248,252,,,False,ATE/ATT under constant tau,,False,,,,,delta_y ~ treated,False,{}
A,10,20360511,500,2.0,did_with_covariates,2.043469344010475,0.0434693440104752,True,,500,248,252,,,False,ATE/ATT under constant tau,"x1,x2",False,,,,,delta_y ~ treated + x1 + x2,False,{}
A,10,20360511,500,2.0,psm_did,2.057298904953715,0.057298904953714924,True,,500,248,252,248.0,126.0,True,ATT,"x1,x2",False,0.0018590867789098071,0.013544305304240112,0.004032258064516129,,,False,{}
A,11,20360512,500,2.0,psm,2.2384729309813207,0.23847293098132072,True,,500,231,269,231.0,118.0,True,ATT,"x1,x2",False,0.0025467353942514276,0.07606321777615366,0.008658008658008658,,,False,{}
A,11,20360512,500,2.0,did,1.9977268700590212,-0.0022731299409788353,True,,500,231,269,,,False,ATE/ATT under constant tau,,False,,,,,delta_y ~ treated,False,{}
A,11,20360512,500,2.0,did_with_covariates,1.9417783654802303,-0.058221634519769694,True,,500,231,269,,,False,ATE/ATT under constant tau,"x1,x2",False,,,,,delta_y ~ treated + x1 + x2,False,{}
A,11,20360512,500,2.0,psm_did,1.7679605365970843,-0.2320394634029157,True,,500,231,269,231.0,118.0,True,ATT,"x1,x2",False,0.0025467353942514276,0.07606321777615366,0.008658008658008658,,,False,{}
A,12,20360513,500,2.0,psm,2.499226351798179,0.4992263517981792,True,,500,251,249,251.0,114.0,True,ATT,"x1,x2",False,0.0027477310851952512,0.030995393901544266,0.0398406374501992,,,False,{}
A,12,20360513,500,2.0,did,2.014403829498512,0.014403829498511822,True,,500,251,249,,,False,ATE/ATT under constant tau,,False,,,,,delta_y ~ treated,False,{}
A,12,20360513,500,2.0,did_with_covariates,2.032857892584146,0.032857892584146065,True,,500,251,249,,,False,ATE/ATT under constant tau,"x1,x2",False,,,,,delta_y ~ treated + x1 + x2,False,{}
A,12,20360513,500,2.0,psm_did,2.1885997297656914,0.1885997297656914,True,,500,251,249,251.0,114.0,True,ATT,"x1,x2",False,0.0027477310851952512,0.030995393901544266,0.0398406374501992,,,False,{}
A,13,20360514,500,2.0,psm,2.5103554499094614,0.5103554499094614,True,,500,280,220,280.0,106.0,True,ATT,"x1,x2",False,0.0031985377769101313,0.04273319290850719,0.025,,,False,{}
A,13,20360514,500,2.0,did,2.0515523238725626,0.05155232387256259,True,,500,280,220,,,False,ATE/ATT under constant tau,,False,,,,,delta_y ~ treated,False,{}
A,13,20360514,500,2.0,did_with_covariates,2.070051227366485,0.07005122736648506,True,,500,280,220,,,False,ATE/ATT under constant tau,"x1,x2",False,,,,,delta_y ~ treated + x1 + x2,False,{}
A,13,20360514,500,2.0,psm_did,2.1118658488451127,0.11186584884511275,True,,500,280,220,280.0,106.0,True,ATT,"x1,x2",False,0.0031985377769101313,0.04273319290850719,0.025,,,False,{}
A,14,20360515,500,2.0,psm,2.606889879113359,0.6068898791133588,True,,500,251,249,251.0,116.0,True,ATT,"x1,x2",False,0.003526268270018171,0.12216345277818452,0.04780876494023904,,,False,{}
A,14,20360515,500,2.0,did,1.9820565600668496,-0.017943439933150396,True,,500,251,249,,,False,ATE/ATT under constant tau,,False,,,,,delta_y ~ treated,False,{}
A,14,20360515,500,2.0,did_with_covariates,2.00072651678901,0.0007265167890100344,True,,500,251,249,,,False,ATE/ATT under constant tau,"x1,x2",False,,,,,delta_y ~ treated + x1 + x2,False,{}
A,14,20360515,500,2.0,psm_did,2.0383711947924543,0.03837119479245432,True,,500,251,249,251.0,116.0,True,ATT,"x1,x2",False,0.003526268270018171,0.12216345277818452,0.04780876494023904,,,False,{}
A,15,20360516,500,2.0,psm,2.885454899795676,0.8854548997956759,True,,500,245,255,245.0,123.0,True,ATT,"x1,x2",False,0.0030273615354740584,0.04704037597389976,0.02857142857142857,,,False,{}
A,15,20360516,500,2.0,did,2.0095239892667855,0.009523989266785549,True,,500,245,255,,,False,ATE/ATT under constant tau,,False,,,,,delta_y ~ treated,False,{}
A,15,20360516,500,2.0,did_with_covariates,1.985036880298147,-0.014963119701852934,True,,500,245,255,,,False,ATE/ATT under constant tau,"x1,x2",False,,,,,delta_y ~ treated + x1 + x2,False,{}
A,15,20360516,500,2.0,psm_did,1.9574195433408907,-0.042580456659109256,True,,500,245,255,245.0,123.0,True,ATT,"x1,x2",False,0.0030273615354740584,0.04704037597389976,0.02857142857142857,,,False,{}
A,16,20360517,500,2.0,psm,2.7785822799892204,0.7785822799892204,True,,500,255,245,255.0,116.0,True,ATT,"x1,x2",False,0.002313718772986014,0.039164237093904375,0.011764705882352941,,,False,{}
A,16,20360517,500,2.0,did,2.1214172785395973,0.12141727853959727,True,,500,255,245,,,False,ATE/ATT under constant tau,,False,,,,,delta_y ~ treated,False,{}
A,16,20360517,500,2.0,did_with_covariates,2.1477712915174187,0.14777129151741875,True,,500,255,245,,,False,ATE/ATT under constant tau,"x1,x2",False,,,,,delta_y ~ treated + x1 + x2,False,{}
A,16,20360517,500,2.0,psm_did,2.2650535266614247,0.2650535266614247,True,,500,255,245,255.0,116.0,True,ATT,"x1,x2",False,0.002313718772986014,0.039164237093904375,0.011764705882352941,,,False,{}
A,17,20360518,500,2.0,psm,2.2319273874894097,0.23192738748940966,True,,500,257,243,257.0,124.0,True,ATT,"x1,x2",False,0.003933159847922239,0.07966588767424354,0.0622568093385214,,,False,{}
A,17,20360518,500,2.0,did,2.2065253230682025,0.20652532306820248,True,,500,257,243,,,False,ATE/ATT under constant tau,,False,,,,,delta_y ~ treated,False,{}
A,17,20360518,500,2.0,did_with_covariates,2.2095393589867127,0.20953935898671272,True,,500,257,243,,,False,ATE/ATT under constant tau,"x1,x2",False,,,,,delta_y ~ treated + x1 + x2,False,{}
A,17,20360518,500,2.0,psm_did,2.018382651764935,0.01838265176493481,True,,500,257,243,257.0,124.0,True,ATT,"x1,x2",False,0.003933159847922239,0.07966588767424354,0.0622568093385214,,,False,{}
A,18,20360519,500,2.0,psm,2.477656825401101,0.4776568254011009,True,,500,244,256,244.0,120.0,True,ATT,"x1,x2",False,0.0034911608866541547,0.04531870467473598,0.0,,,False,{}
A,18,20360519,500,2.0,did,1.9224112342290471,-0.07758876577095286,True,,500,244,256,,,False,ATE/ATT under constant tau,,False,,,,,delta_y ~ treated,False,{}
A,18,20360519,500,2.0,did_with_covariates,1.9597703394695698,-0.0402296605304302,True,,500,244,256,,,False,ATE/ATT under constant tau,"x1,x2",False,,,,,delta_y ~ treated + x1 + x2,False,{}
A,18,20360519,500,2.0,psm_did,1.8293772079969584,-0.17062279200304165,True,,500,244,256,244.0,120.0,True,ATT,"x1,x2",False,0.0034911608866541547,0.04531870467473598,0.0,,,False,{}
A,19,20360520,500,2.0,psm,2.547330322916661,0.5473303229166611,True,,500,249,251,249.0,116.0,True,ATT,"x1,x2",False,0.002475898692319532,0.027028824554177322,0.0,,,False,{}
A,19,20360520,500,2.0,did,2.0131536797957774,0.013153679795777418,True,,500,249,251,,,False,ATE/ATT under constant tau,,False,,,,,delta_y ~ treated,False,{}
A,19,20360520,500,2.0,did_with_covariates,2.0018098114413645,0.001809811441364495,True,,500,249,251,,,False,ATE/ATT under constant tau,"x1,x2",False,,,,,delta_y ~ treated + x1 + x2,False,{}
A,19,20360520,500,2.0,psm_did,2.0128564642920237,0.012856464292023695,True,,500,249,251,249.0,116.0,True,ATT,"x1,x2",False,0.002475898692319532,0.027028824554177322,0.0,,,False,{}
B,0,20460501,500,2.0,psm,2.3691978194848184,0.36919781948481845,True,,500,246,254,246.0,117.0,True,ATT,"x1,x2",False,0.004204949815576518,0.08176200003903622,0.052845528455284556,,,False,{}
B,0,20460501,500,2.0,did,2.689879158876491,0.689879158876491,True,,500,246,254,,,False,ATE/ATT under constant tau,,False,,,,,delta_y ~ treated,False,{}
B,0,20460501,500,2.0,did_with_covariates,1.9802522491446506,-0.01974775085534941,True,,500,246,254,,,False,ATE/ATT under constant tau,"x1,x2",False,,,,,delta_y ~ treated + x1 + x2,False,{}
B,0,20460501,500,2.0,psm_did,2.0047869925810873,0.004786992581087279,True,,500,246,254,246.0,117.0,True,ATT,"x1,x2",False,0.004204949815576518,0.08176200003903622,0.052845528455284556,,,False,{}
B,1,20460502,500,2.0,psm,2.635759149351655,0.6357591493516548,True,,500,238,262,238.0,118.0,True,ATT,"x1,x2",False,0.0031379539133827954,0.06567377096261207,0.037815126050420166,,,False,{}
B,1,20460502,500,2.0,did,2.6006371303749156,0.6006371303749156,True,,500,238,262,,,False,ATE/ATT under constant tau,,False,,,,,delta_y ~ treated,False,{}
B,1,20460502,500,2.0,did_with_covariates,2.154700735398124,0.1547007353981238,True,,500,238,262,,,False,ATE/ATT under constant tau,"x1,x2",False,,,,,delta_y ~ treated + x1 + x2,False,{}
B,1,20460502,500,2.0,psm_did,2.0785736126040684,0.07857361260406837,True,,500,238,262,238.0,118.0,True,ATT,"x1,x2",False,0.0031379539133827954,0.06567377096261207,0.037815126050420166,,,False,{}
B,2,20460503,500,2.0,psm,2.7168651224925497,0.7168651224925497,True,,500,240,260,240.0,130.0,True,ATT,"x1,x2",False,0.00255193846780191,0.0672431908075457,0.041666666666666664,,,False,{}
B,2,20460503,500,2.0,did,2.438545259856362,0.43854525985636217,True,,500,240,260,,,False,ATE/ATT under constant tau,,False,,,,,delta_y ~ treated,False,{}
B,2,20460503,500,2.0,did_with_covariates,1.9317857720163278,-0.06821422798367216,True,,500,240,260,,,False,ATE/ATT under constant tau,"x1,x2",False,,,,,delta_y ~ treated + x1 + x2,False,{}
B,2,20460503,500,2.0,psm_did,2.131107036294186,0.13110703629418596,True,,500,240,260,240.0,130.0,True,ATT,"x1,x2",False,0.00255193846780191,0.0672431908075457,0.041666666666666664,,,False,{}
B,3,20460504,500,2.0,psm,2.1899422859248756,0.1899422859248756,True,,500,252,248,252.0,130.0,True,ATT,"x1,x2",False,0.0017618154979233602,0.057242069685958796,0.015873015873015872,,,False,{}
B,3,20460504,500,2.0,did,2.419168722030307,0.4191687220303071,True,,500,252,248,,,False,ATE/ATT under constant tau,,False,,,,,delta_y ~ treated,False,{}
B,3,20460504,500,2.0,did_with_covariates,1.9885301180593575,-0.011469881940642468,True,,500,252,248,,,False,ATE/ATT under constant tau,"x1,x2",False,,,,,delta_y ~ treated + x1 + x2,False,{}
B,3,20460504,500,2.0,psm_did,1.956583177306983,-0.04341682269301694,True,,500,252,248,252.0,130.0,True,ATT,"x1,x2",False,0.0017618154979233602,0.057242069685958796,0.015873015873015872,,,False,{}
B,4,20460505,500,2.0,psm,2.6141563533022345,0.6141563533022345,True,,500,234,266,234.0,115.0,True,ATT,"x1,x2",False,0.0021420289363451206,0.02716057173192432,0.008547008547008548,,,False,{}
B,4,20460505,500,2.0,did,2.604953323653939,0.6049533236539388,True,,500,234,266,,,False,ATE/ATT under constant tau,,False,,,,,delta_y ~ treated,False,{}
B,4,20460505,500,2.0,did_with_covariates,2.069993664971124,0.06999366497112414,True,,500,234,266,,,False,ATE/ATT under constant tau,"x1,x2",False,,,,,delta_y ~ treated + x1 + x2,False,{}
B,4,20460505,500,2.0,psm_did,2.031499624492081,0.03149962449208088,True,,500,234,266,234.0,115.0,True,ATT,"x1,x2",False,0.0021420289363451206,0.02716057173192432,0.008547008547008548,,,False,{}
B,5,20460506,500,2.0,psm,2.342040655649801,0.342040655649801,True,,500,244,256,244.0,112.0,True,ATT,"x1,x2",False,0.002288571020056618,0.030645439450300516,0.0,,,False,{}
B,5,20460506,500,2.0,did,2.4077149317977393,0.4077149317977393,True,,500,244,256,,,False,ATE/ATT under constant tau,,False,,,,,delta_y ~ treated,False,{}
B,5,20460506,500,2.0,did_with_covariates,1.7633690130111788,-0.23663098698882123,True,,500,244,256,,,False,ATE/ATT under constant tau,"x1,x2",False,,,,,delta_y ~ treated + x1 + x2,False,{}
B,5,20460506,500,2.0,psm_did,1.7085214942406064,-0.2914785057593936,True,,500,244,256,244.0,112.0,True,ATT,"x1,x2",False,0.002288571020056618,0.030645439450300516,0.0,,,False,{}
B,6,20460507,500,2.0,psm,2.1836165701713077,0.18361657017130772,True,,500,251,249,251.0,119.0,True,ATT,"x1,x2",False,0.0027508883936681336,0.07033051752786412,0.03187250996015936,,,False,{}
B,6,20460507,500,2.0,did,2.4389683477119277,0.4389683477119277,True,,500,251,249,,,False,ATE/ATT under constant tau,,False,,,,,delta_y ~ treated,False,{}
B,6,20460507,500,2.0,did_with_covariates,1.9057728243836067,-0.09422717561639327,True,,500,251,249,,,False,ATE/ATT under constant tau,"x1,x2",False,,,,,delta_y ~ treated + x1 + x2,False,{}
B,6,20460507,500,2.0,psm_did,1.9901793507598728,-0.009820649240127155,True,,500,251,249,251.0,119.0,True,ATT,"x1,x2",False,0.0027508883936681336,0.07033051752786412,0.03187250996015936,,,False,{}
B,7,20460508,500,2.0,psm,2.403038541061965,0.403038541061965,True,,500,268,232,268.0,127.0,True,ATT,"x1,x2",False,0.00246616565330376,0.07170462814962486,0.041044776119402986,,,False,{}
B,7,20460508,500,2.0,did,2.4749246581881206,0.4749246581881206,True,,500,268,232,,,False,ATE/ATT under constant tau,,False,,,,,delta_y ~ treated,False,{}
B,7,20460508,500,2.0,did_with_covariates,1.992932442341831,-0.00706755765816891,True,,500,268,232,,,False,ATE/ATT under constant tau,"x1,x2",False,,,,,delta_y ~ treated + x1 + x2,False,{}
B,7,20460508,500,2.0,psm_did,1.9746044976992383,-0.025395502300761708,True,,500,268,232,268.0,127.0,True,ATT,"x1,x2",False,0.00246616565330376,0.07170462814962486,0.041044776119402986,,,False,{}
B,8,20460509,500,2.0,psm,2.5626611615606882,0.5626611615606882,True,,500,235,265,235.0,109.0,True,ATT,"x1,x2",False,0.004113090099100485,0.06805709924841596,0.04680851063829787,,,False,{}
B,8,20460509,500,2.0,did,2.847118028568033,0.8471180285680329,True,,500,235,265,,,False,ATE/ATT under constant tau,,False,,,,,delta_y ~ treated,False,{}
B,8,20460509,500,2.0,did_with_covariates,2.0306302690599214,0.03063026905992139,True,,500,235,265,,,False,ATE/ATT under constant tau,"x1,x2",False,,,,,delta_y ~ treated + x1 + x2,False,{}
B,8,20460509,500,2.0,psm_did,1.9711308301955033,-0.02886916980449672,True,,500,235,265,235.0,109.0,True,ATT,"x1,x2",False,0.004113090099100485,0.06805709924841596,0.04680851063829787,,,False,{}
B,9,20460510,500,2.0,psm,2.679366020019757,0.6793660200197569,True,,500,245,255,245.0,123.0,True,ATT,"x1,x2",False,0.0034978305594207267,0.11397915406502235,0.0326530612244898,,,False,{}
B,9,20460510,500,2.0,did,2.732947610199354,0.732947610199354,True,,500,245,255,,,False,ATE/ATT under constant tau,,False,,,,,delta_y ~ treated,False,{}
B,9,20460510,500,2.0,did_with_covariates,2.1299116644768987,0.12991166447689872,True,,500,245,255,,,False,ATE/ATT under constant tau,"x1,x2",False,,,,,delta_y ~ treated + x1 + x2,False,{}
B,9,20460510,500,2.0,psm_did,2.0613740162431293,0.061374016243129326,True,,500,245,255,245.0,123.0,True,ATT,"x1,x2",False,0.0034978305594207267,0.11397915406502235,0.0326530612244898,,,False,{}
B,10,20460511,500,2.0,psm,2.6434834728230356,0.6434834728230356,True,,500,241,259,241.0,117.0,True,ATT,"x1,x2",False,0.0018961625777042881,0.026056130343002096,0.008298755186721992,,,False,{}
B,10,20460511,500,2.0,did,2.4448259408627973,0.44482594086279725,True,,500,241,259,,,False,ATE/ATT under constant tau,,False,,,,,delta_y ~ treated,False,{}
B,10,20460511,500,2.0,did_with_covariates,1.882046479839694,-0.11795352016030591,True,,500,241,259,,,False,ATE/ATT under constant tau,"x1,x2",False,,,,,delta_y ~ treated + x1 + x2,False,{}
B,10,20460511,500,2.0,psm_did,1.911208749344395,-0.088791250655605,True,,500,241,259,241.0,117.0,True,ATT,"x1,x2",False,0.0018961625777042881,0.026056130343002096,0.008298755186721992,,,False,{}
B,11,20460512,500,2.0,psm,2.3463361121935105,0.34633611219351046,True,,500,252,248,252.0,115.0,True,ATT,"x1,x2",False,0.0032555480592280344,0.06479416183994258,0.051587301587301584,,,False,{}
B,11,20460512,500,2.0,did,2.77675795779716,0.7767579577971602,True,,500,252,248,,,False,ATE/ATT under constant tau,,False,,,,,delta_y ~ treated,False,{}
B,11,20460512,500,2.0,did_with_covariates,2.0971292632158214,0.09712926321582138,True,,500,252,248,,,False,ATE/ATT under constant tau,"x1,x2",False,,,,,delta_y ~ treated + x1 + x2,False,{}
B,11,20460512,500,2.0,psm_did,2.0710032464239005,0.07100324642390055,True,,500,252,248,252.0,115.0,True,ATT,"x1,x2",False,0.0032555480592280344,0.06479416183994258,0.051587301587301584,,,False,{}
B,12,20460513,500,2.0,psm,2.312349970368931,0.3123499703689312,True,,500,252,248,252.0,121.0,True,ATT,"x1,x2",False,0.0023379200247965965,0.04814879277291284,0.01984126984126984,,,False,{}
B,12,20460513,500,2.0,did,2.494959031958553,0.49495903195855284,True,,500,252,248,,,False,ATE/ATT under constant tau,,False,,,,,delta_y ~ treated,False,{}
B,12,20460513,500,2.0,did_with_covariates,1.832384221537199,-0.16761577846280096,True,,500,252,248,,,False,ATE/ATT under constant tau,"x1,x2",False,,,,,delta_y ~ treated + x1 + x2,False,{}
B,12,20460513,500,2.0,psm_did,1.852668103714396,-0.14733189628560406,True,,500,252,248,252.0,121.0,True,ATT,"x1,x2",False,0.0023379200247965965,0.04814879277291284,0.01984126984126984,,,False,{}
B,13,20460514,500,2.0,psm,2.5963950592494274,0.5963950592494274,True,,500,253,247,253.0,117.0,True,ATT,"x1,x2",False,0.002274195168314394,0.04579441119966354,0.019762845849802372,,,False,{}
B,13,20460514,500,2.0,did,2.902459535485277,0.9024595354852769,True,,500,253,247,,,False,ATE/ATT under constant tau,,False,,,,,delta_y ~ treated,False,{}
B,13,20460514,500,2.0,did_with_covariates,2.3042908919558553,0.30429089195585535,True,,500,253,247,,,False,ATE/ATT under constant tau,"x1,x2",False,,,,,delta_y ~ treated + x1 + x2,False,{}
B,13,20460514,500,2.0,psm_did,2.139786008884236,0.13978600888423598,True,,500,253,247,253.0,117.0,True,ATT,"x1,x2",False,0.002274195168314394,0.04579441119966354,0.019762845849802372,,,False,{}
B,14,20460515,500,2.0,psm,2.201865218309255,0.20186521830925486,True,,500,245,255,245.0,128.0,True,ATT,"x1,x2",False,0.0033628873057826355,0.09716233626082138,0.044897959183673466,,,False,{}
B,14,20460515,500,2.0,did,2.484208045134458,0.48420804513445814,True,,500,245,255,,,False,ATE/ATT under constant tau,,False,,,,,delta_y ~ treated,False,{}
B,14,20460515,500,2.0,did_with_covariates,1.884725423847332,-0.1152745761526679,True,,500,245,255,,,False,ATE/ATT under constant tau,"x1,x2",False,,,,,delta_y ~ treated + x1 + x2,False,{}
B,14,20460515,500,2.0,psm_did,1.9625289806217647,-0.03747101937823527,True,,500,245,255,245.0,128.0,True,ATT,"x1,x2",False,0.0033628873057826355,0.09716233626082138,0.044897959183673466,,,False,{}
B,15,20460516,500,2.0,psm,2.4097955005962555,0.40979550059625547,True,,500,252,248,252.0,118.0,True,ATT,"x1,x2",False,0.004069726242663642,0.09490037781213667,0.051587301587301584,,,False,{}
B,15,20460516,500,2.0,did,2.7333861429801556,0.7333861429801556,True,,500,252,248,,,False,ATE/ATT under constant tau,,False,,,,,delta_y ~ treated,False,{}
B,15,20460516,500,2.0,did_with_covariates,1.9878835950814262,-0.012116404918573798,True,,500,252,248,,,False,ATE/ATT under constant tau,"x1,x2",False,,,,,delta_y ~ treated + x1 + x2,False,{}
B,15,20460516,500,2.0,psm_did,1.8871652600483937,-0.11283473995160631,True,,500,252,248,252.0,118.0,True,ATT,"x1,x2",False,0.004069726242663642,0.09490037781213667,0.051587301587301584,,,False,{}
B,16,20460517,500,2.0,psm,2.3731183267003026,0.37311832670030265,True,,500,275,225,275.0,122.0,True,ATT,"x1,x2",False,0.0030439782070377512,0.05967984013461214,0.04727272727272727,,,False,{}
B,16,20460517,500,2.0,did,2.47286273400632,0.47286273400631984,True,,500,275,225,,,False,ATE/ATT under constant tau,,False,,,,,delta_y ~ treated,False,{}
B,16,20460517,500,2.0,did_with_covariates,1.9529692782800776,-0.0470307217199224,True,,500,275,225,,,False,ATE/ATT under constant tau,"x1,x2",False,,,,,delta_y ~ treated + x1 + x2,False,{}
B,16,20460517,500,2.0,psm_did,1.9499815947388957,-0.05001840526110435,True,,500,275,225,275.0,122.0,True,ATT,"x1,x2",False,0.0030439782070377512,0.05967984013461214,0.04727272727272727,,,False,{}
B,17,20460518,500,2.0,psm,2.5130209126572454,0.5130209126572454,True,,500,238,262,238.0,119.0,True,ATT,"x1,x2",False,0.001957007330742623,0.027971933084250167,0.004201680672268907,,,False,{}
B,17,20460518,500,2.0,did,2.382525066754458,0.3825250667544582,True,,500,238,262,,,False,ATE/ATT under constant tau,,False,,,,,delta_y ~ treated,False,{}
B,17,20460518,500,2.0,did_with_covariates,1.781827700988353,-0.21817229901164703,True,,500,238,262,,,False,ATE/ATT under constant tau,"x1,x2",False,,,,,delta_y ~ treated + x1 + x2,False,{}
B,17,20460518,500,2.0,psm_did,1.6228691351027138,-0.3771308648972862,True,,500,238,262,238.0,119.0,True,ATT,"x1,x2",False,0.001957007330742623,0.027971933084250167,0.004201680672268907,,,False,{}
B,18,20460519,500,2.0,psm,2.4784313175336856,0.4784313175336856,True,,500,251,249,251.0,129.0,True,ATT,"x1,x2",False,0.0017960818592656627,0.0298524416256829,0.0,,,False,{}
B,18,20460519,500,2.0,did,2.4566242129854152,0.4566242129854152,True,,500,251,249,,,False,ATE/ATT under constant tau,,False,,,,,delta_y ~ treated,False,{}
B,18,20460519,500,2.0,did_with_covariates,1.942144950808936,-0.0578550491910641,True,,500,251,249,,,False,ATE/ATT under constant tau,"x1,x2",False,,,,,delta_y ~ treated + x1 + x2,False,{}
B,18,20460519,500,2.0,psm_did,1.9166268396666835,-0.08337316033331654,True,,500,251,249,251.0,129.0,True,ATT,"x1,x2",False,0.0017960818592656627,0.0298524416256829,0.0,,,False,{}
B,19,20460520,500,2.0,psm,2.319320553040859,0.31932055304085916,True,,500,249,251,249.0,114.0,True,ATT,"x1,x2",False,0.0024806467491013547,0.04548882172055824,0.028112449799196786,,,False,{}
B,19,20460520,500,2.0,did,2.6341975461183043,0.6341975461183043,True,,500,249,251,,,False,ATE/ATT under constant tau,,False,,,,,delta_y ~ treated,False,{}
B,19,20460520,500,2.0,did_with_covariates,1.9387024743929686,-0.06129752560703139,True,,500,249,251,,,False,ATE/ATT under constant tau,"x1,x2",False,,,,,delta_y ~ treated + x1 + x2,False,{}
B,19,20460520,500,2.0,psm_did,1.88689606378384,-0.1131039362161601,True,,500,249,251,249.0,114.0,True,ATT,"x1,x2",False,0.0024806467491013547,0.04548882172055824,0.028112449799196786,,,False,{}
C,0,20560501,500,2.0,psm,3.2620647662794218,1.2620647662794218,True,,500,262,238,262.0,120.0,True,ATT,"x1,x2",False,0.0022585991617065796,0.06386952041762128,0.019083969465648856,,,False,{}
C,0,20560501,500,2.0,did,3.303023813653773,1.3030238136537728,True,,500,262,238,,,False,ATE/ATT under constant tau,,False,,,,,delta_y ~ treated,False,{}
C,0,20560501,500,2.0,did_with_covariates,2.8525176122706495,0.8525176122706495,True,,500,262,238,,,False,ATE/ATT under constant tau,"x1,x2",False,,,,,delta_y ~ treated + x1 + x2,False,{}
C,0,20560501,500,2.0,psm_did,2.8622836195233186,0.8622836195233186,True,,500,262,238,262.0,120.0,True,ATT,"x1,x2",False,0.0022585991617065796,0.06386952041762128,0.019083969465648856,,,False,{}
C,1,20560502,500,2.0,psm,2.9511494820310302,0.9511494820310302,True,,500,246,254,246.0,126.0,True,ATT,"x1,x2",False,0.0023070080814713697,0.062136827616858126,0.024390243902439025,,,False,{}
C,1,20560502,500,2.0,did,3.402010757302121,1.4020107573021212,True,,500,246,254,,,False,ATE/ATT under constant tau,,False,,,,,delta_y ~ treated,False,{}
C,1,20560502,500,2.0,did_with_covariates,2.904462050645159,0.9044620506451588,True,,500,246,254,,,False,ATE/ATT under constant tau,"x1,x2",False,,,,,delta_y ~ treated + x1 + x2,False,{}
C,1,20560502,500,2.0,psm_did,2.629193584277532,0.629193584277532,True,,500,246,254,246.0,126.0,True,ATT,"x1,x2",False,0.0023070080814713697,0.062136827616858126,0.024390243902439025,,,False,{}
C,2,20560503,500,2.0,psm,2.995196451542416,0.9951964515424159,True,,500,237,263,237.0,119.0,True,ATT,"x1,x2",False,0.0025294049754292936,0.019325653292833533,0.004219409282700422,,,False,{}
C,2,20560503,500,2.0,did,3.0792986504822926,1.0792986504822926,True,,500,237,263,,,False,ATE/ATT under constant tau,,False,,,,,delta_y ~ treated,False,{}
C,2,20560503,500,2.0,did_with_covariates,2.469695456185948,0.4696954561859479,True,,500,237,263,,,False,ATE/ATT under constant tau,"x1,x2",False,,,,,delta_y ~ treated + x1 + x2,False,{}
C,2,20560503,500,2.0,psm_did,2.394707848213349,0.3947078482133488,True,,500,237,263,237.0,119.0,True,ATT,"x1,x2",False,0.0025294049754292936,0.019325653292833533,0.004219409282700422,,,False,{}
C,3,20560504,500,2.0,psm,2.936336967643597,0.9363369676435971,True,,500,232,268,232.0,118.0,True,ATT,"x1,x2",False,0.0022866167500927765,0.02193679521689973,0.0,,,False,{}
C,3,20560504,500,2.0,did,2.965084356518452,0.9650843565184521,True,,500,232,268,,,False,ATE/ATT under constant tau,,False,,,,,delta_y ~ treated,False,{}
C,3,20560504,500,2.0,did_with_covariates,2.4349544342347156,0.4349544342347156,True,,500,232,268,,,False,ATE/ATT under constant tau,"x1,x2",False,,,,,delta_y ~ treated + x1 + x2,False,{}
C,3,20560504,500,2.0,psm_did,2.574082767745727,0.5740827677457272,True,,500,232,268,232.0,118.0,True,ATT,"x1,x2",False,0.0022866167500927765,0.02193679521689973,0.0,,,False,{}
C,4,20560505,500,2.0,psm,3.5687809464625584,1.5687809464625584,True,,500,259,241,259.0,117.0,True,ATT,"x1,x2",False,0.0024493822116848788,0.044833664548989405,0.003861003861003861,,,False,{}
C,4,20560505,500,2.0,did,3.0696299776106293,1.0696299776106293,True,,500,259,241,,,False,ATE/ATT under constant tau,,False,,,,,delta_y ~ treated,False,{}
C,4,20560505,500,2.0,did_with_covariates,2.70373977143459,0.7037397714345901,True,,500,259,241,,,False,ATE/ATT under constant tau,"x1,x2",False,,,,,delta_y ~ treated + x1 + x2,False,{}
C,4,20560505,500,2.0,psm_did,2.851639343663697,0.8516393436636971,True,,500,259,241,259.0,117.0,True,ATT,"x1,x2",False,0.0024493822116848788,0.044833664548989405,0.003861003861003861,,,False,{}
C,5,20560506,500,2.0,psm,2.979904808020165,0.9799048080201649,True,,500,248,252,248.0,118.0,True,ATT,"x1,x2",False,0.00390942940988434,0.11121859369188547,0.06048387096774194,,,False,{}
C,5,20560506,500,2.0,did,3.134830410564665,1.134830410564665,True,,500,248,252,,,False,ATE/ATT under constant tau,,False,,,,,delta_y ~ treated,False,{}
C,5,20560506,500,2.0,did_with_covariates,2.6176096950928174,0.6176096950928174,True,,500,248,252,,,False,ATE/ATT under constant tau,"x1,x2",False,,,,,delta_y ~ treated + x1 + x2,False,{}
C,5,20560506,500,2.0,psm_did,2.603378842752258,0.603378842752258,True,,500,248,252,248.0,118.0,True,ATT,"x1,x2",False,0.00390942940988434,0.11121859369188547,0.06048387096774194,,,False,{}
C,6,20560507,500,2.0,psm,3.6335958243215294,1.6335958243215294,True,,500,258,242,258.0,124.0,True,ATT,"x1,x2",False,0.002219927349716644,0.06982593808277182,0.007751937984496124,,,False,{}
C,6,20560507,500,2.0,did,3.4087748529237247,1.4087748529237247,True,,500,258,242,,,False,ATE/ATT under constant tau,,False,,,,,delta_y ~ treated,False,{}
C,6,20560507,500,2.0,did_with_covariates,2.9649308810320094,0.9649308810320094,True,,500,258,242,,,False,ATE/ATT under constant tau,"x1,x2",False,,,,,delta_y ~ treated + x1 + x2,False,{}
C,6,20560507,500,2.0,psm_did,3.096038922229095,1.096038922229095,True,,500,258,242,258.0,124.0,True,ATT,"x1,x2",False,0.002219927349716644,0.06982593808277182,0.007751937984496124,,,False,{}
C,7,20560508,500,2.0,psm,3.0658442133393913,1.0658442133393913,True,,500,269,231,269.0,136.0,True,ATT,"x1,x2",False,0.0016694878317726782,0.020325471362852232,0.007434944237918215,,,False,{}
C,7,20560508,500,2.0,did,2.9076508006380277,0.9076508006380277,True,,500,269,231,,,False,ATE/ATT under constant tau,,False,,,,,delta_y ~ treated,False,{}
C,7,20560508,500,2.0,did_with_covariates,2.5060547150945287,0.5060547150945287,True,,500,269,231,,,False,ATE/ATT under constant tau,"x1,x2",False,,,,,delta_y ~ treated + x1 + x2,False,{}
C,7,20560508,500,2.0,psm_did,2.475666565812771,0.4756665658127708,True,,500,269,231,269.0,136.0,True,ATT,"x1,x2",False,0.0016694878317726782,0.020325471362852232,0.007434944237918215,,,False,{}
C,8,20560509,500,2.0,psm,2.7950769334603796,0.7950769334603796,True,,500,260,240,260.0,112.0,True,ATT,"x1,x2",False,0.003555665099005699,0.05196502887706722,0.019230769230769232,,,False,{}
C,8,20560509,500,2.0,did,3.3954933845918562,1.3954933845918562,True,,500,260,240,,,False,ATE/ATT under constant tau,,False,,,,,delta_y ~ treated,False,{}
C,8,20560509,500,2.0,did_with_covariates,2.6948057452985816,0.6948057452985816,True,,500,260,240,,,False,ATE/ATT under constant tau,"x1,x2",False,,,,,delta_y ~ treated + x1 + x2,False,{}
C,8,20560509,500,2.0,psm_did,2.5075581178923447,0.5075581178923447,True,,500,260,240,260.0,112.0,True,ATT,"x1,x2",False,0.003555665099005699,0.05196502887706722,0.019230769230769232,,,False,{}
C,9,20560510,500,2.0,psm,2.7697339262744447,0.7697339262744447,True,,500,242,258,242.0,131.0,True,ATT,"x1,x2",False,0.0017344079507183225,0.025660547273255285,0.008264462809917356,,,False,{}
C,9,20560510,500,2.0,did,3.2291402944478658,1.2291402944478658,True,,500,242,258,,,False,ATE/ATT under constant tau,,False,,,,,delta_y ~ treated,False,{}
C,9,20560510,500,2.0,did_with_covariates,2.771661838467096,0.7716618384670961,True,,500,242,258,,,False,ATE/ATT under constant tau,"x1,x2",False,,,,,delta_y ~ treated + x1 + x2,False,{}
C,9,20560510,500,2.0,psm_did,2.3387247588254616,0.3387247588254616,True,,500,242,258,242.0,131.0,True,ATT,"x1,x2",False,0.0017344079507183225,0.025660547273255285,0.008264462809917356,,,False,{}
C,10,20560511,500,2.0,psm,3.3616012658442758,1.3616012658442758,True,,500,252,248,252.0,127.0,True,ATT,"x1,x2",False,0.002035615003891409,0.04155367601164306,0.011904761904761904,,,False,{}
C,10,20560511,500,2.0,did,3.199312233949127,1.1993122339491271,True,,500,252,248,,,False,ATE/ATT under constant tau,,False,,,,,delta_y ~ treated,False,{}
C,10,20560511,500,2.0,did_with_covariates,2.7756743656718843,0.7756743656718843,True,,500,252,248,,,False,ATE/ATT under constant tau,"x1,x2",False,,,,,delta_y ~ treated + x1 + x2,False,{}
C,10,20560511,500,2.0,psm_did,2.9931827350838875,0.9931827350838875,True,,500,252,248,252.0,127.0,True,ATT,"x1,x2",False,0.002035615003891409,0.04155367601164306,0.011904761904761904,,,False,{}
C,11,20560512,500,2.0,psm,3.308324007592967,1.308324007592967,True,,500,280,220,280.0,123.0,True,ATT,"x1,x2",False,0.0049673467052077725,0.14647715165297936,0.08214285714285714,,,False,{}
C,11,20560512,500,2.0,did,3.319550815303603,1.3195508153036029,True,,500,280,220,,,False,ATE/ATT under constant tau,,False,,,,,delta_y ~ treated,False,{}
C,11,20560512,500,2.0,did_with_covariates,2.660963014363021,0.6609630143630212,True,,500,280,220,,,False,ATE/ATT under constant tau,"x1,x2",False,,,,,delta_y ~ treated + x1 + x2,False,{}
C,11,20560512,500,2.0,psm_did,2.742678892911132,0.7426788929111319,True,,500,280,220,280.0,123.0,True,ATT,"x1,x2",False,0.0049673467052077725,0.14647715165297936,0.08214285714285714,,,False,{}
C,12,20560513,500,2.0,psm,2.954968783382224,0.954968783382224,True,,500,230,270,230.0,129.0,True,ATT,"x1,x2",False,0.0018577694929200732,0.033190551024503856,0.02608695652173913,,,False,{}
C,12,20560513,500,2.0,did,3.1451761904981144,1.1451761904981144,True,,500,230,270,,,False,ATE/ATT under constant tau,,False,,,,,delta_y ~ treated,False,{}
C,12,20560513,500,2.0,did_with_covariates,2.7722688729811646,0.7722688729811646,True,,500,230,270,,,False,ATE/ATT under constant tau,"x1,x2",False,,,,,delta_y ~ treated + x1 + x2,False,{}
C,12,20560513,500,2.0,psm_did,3.000948063802244,1.000948063802244,True,,500,230,270,230.0,129.0,True,ATT,"x1,x2",False,0.0018577694929200732,0.033190551024503856,0.02608695652173913,,,False,{}
C,13,20560514,500,2.0,psm,3.1425985934897716,1.1425985934897716,True,,500,249,251,249.0,121.0,True,ATT,"x1,x2",False,0.0032492473488619955,0.07470367119194699,0.04417670682730924,,,False,{}
C,13,20560514,500,2.0,did,3.05281210948983,1.05281210948983,True,,500,249,251,,,False,ATE/ATT under constant tau,,False,,,,,delta_y ~ treated,False,{}
C,13,20560514,500,2.0,did_with_covariates,2.443725855440017,0.4437258554400172,True,,500,249,251,,,False,ATE/ATT under constant tau,"x1,x2",False,,,,,delta_y ~ treated + x1 + x2,False,{}
C,13,20560514,500,2.0,psm_did,2.451363170887136,0.4513631708871362,True,,500,249,251,249.0,121.0,True,ATT,"x1,x2",False,0.0032492473488619955,0.07470367119194699,0.04417670682730924,,,False,{}
C,14,20560515,500,2.0,psm,3.1760941276728114,1.1760941276728114,True,,500,254,246,254.0,121.0,True,ATT,"x1,x2",False,0.003056744833943616,0.07628657402260497,0.023622047244094488,,,False,{}
C,14,20560515,500,2.0,did,3.529124364951863,1.5291243649518629,True,,500,254,246,,,False,ATE/ATT under constant tau,,False,,,,,delta_y ~ treated,False,{}
C,14,20560515,500,2.0,did_with_covariates,3.102880342755986,1.1028803427559861,True,,500,254,246,,,False,ATE/ATT under constant tau,"x1,x2",False,,,,,delta_y ~ treated + x1 + x2,False,{}
C,14,20560515,500,2.0,psm_did,2.8351210912170783,0.8351210912170783,True,,500,254,246,254.0,121.0,True,ATT,"x1,x2",False,0.003056744833943616,0.07628657402260497,0.023622047244094488,,,False,{}
C,15,20560516,500,2.0,psm,3.286743341128356,1.2867433411283562,True,,500,239,261,239.0,138.0,True,ATT,"x1,x2",False,0.0033684669573317526,0.09929785275629832,0.06694560669456066,,,False,{}
C,15,20560516,500,2.0,did,3.0706050293989446,1.0706050293989446,True,,500,239,261,,,False,ATE/ATT under constant tau,,False,,,,,delta_y ~ treated,False,{}
C,15,20560516,500,2.0,did_with_covariates,2.6075505297466424,0.6075505297466424,True,,500,239,261,,,False,ATE/ATT under constant tau,"x1,x2",False,,,,,delta_y ~ treated + x1 + x2,False,{}
C,15,20560516,500,2.0,psm_did,2.6212157580861515,0.6212157580861515,True,,500,239,261,239.0,138.0,True,ATT,"x1,x2",False,0.0033684669573317526,0.09929785275629832,0.06694560669456066,,,False,{}
C,16,20560517,500,2.0,psm,3.234119424085347,1.234119424085347,True,,500,252,248,252.0,129.0,True,ATT,"x1,x2",False,0.0016864903157305705,0.05270207129894067,0.007936507936507936,,,False,{}
C,16,20560517,500,2.0,did,3.2634547675680294,1.2634547675680294,True,,500,252,248,,,False,ATE/ATT under constant tau,,False,,,,,delta_y ~ treated,False,{}
C,16,20560517,500,2.0,did_with_covariates,2.840500001714339,0.8405000017143389,True,,500,252,248,,,False,ATE/ATT under constant tau,"x1,x2",False,,,,,delta_y ~ treated + x1 + x2,False,{}
C,16,20560517,500,2.0,psm_did,2.9797839320494526,0.9797839320494526,True,,500,252,248,252.0,129.0,True,ATT,"x1,x2",False,0.0016864903157305705,0.05270207129894067,0.007936507936507936,,,False,{}
C,17,20560518,500,2.0,psm,3.2556132470023997,1.2556132470023997,True,,500,252,248,252.0,124.0,True,ATT,"x1,x2",False,0.0023320996289889987,0.024059066626418546,0.015873015873015872,,,False,{}
C,17,20560518,500,2.0,did,3.2602127936226375,1.2602127936226375,True,,500,252,248,,,False,ATE/ATT under constant tau,,False,,,,,delta_y ~ treated,False,{}
C,17,20560518,500,2.0,did_with_covariates,2.7025885429410863,0.7025885429410863,True,,500,252,248,,,False,ATE/ATT under constant tau,"x1,x2",False,,,,,delta_y ~ treated + x1 + x2,False,{}
C,17,20560518,500,2.0,psm_did,2.7376860325828543,0.7376860325828543,True,,500,252,248,252.0,124.0,True,ATT,"x1,x2",False,0.0023320996289889987,0.024059066626418546,0.015873015873015872,,,False,{}
C,18,20560519,500,2.0,psm,3.2145235801631977,1.2145235801631977,True,,500,247,253,247.0,121.0,True,ATT,"x1,x2",False,0.0025682307575357953,0.05144986771691773,0.04048582995951417,,,False,{}
C,18,20560519,500,2.0,did,2.9607265705896726,0.9607265705896726,True,,500,247,253,,,False,ATE/ATT under constant tau,,False,,,,,delta_y ~ treated,False,{}
C,18,20560519,500,2.0,did_with_covariates,2.498212083738218,0.4982120837382178,True,,500,247,253,,,False,ATE/ATT under constant tau,"x1,x2",False,,,,,delta_y ~ treated + x1 + x2,False,{}
C,18,20560519,500,2.0,psm_did,2.8743508874129065,0.8743508874129065,True,,500,247,253,247.0,121.0,True,ATT,"x1,x2",False,0.0025682307575357953,0.05144986771691773,0.04048582995951417,,,False,{}
C,19,20560520,500,2.0,psm,3.007657418746187,1.007657418746187,True,,500,262,238,262.0,122.0,True,ATT,"x1,x2",False,0.0026563938899978323,0.023246186579954697,0.0,,,False,{}
C,19,20560520,500,2.0,did,3.0497495455301245,1.0497495455301245,True,,500,262,238,,,False,ATE/ATT under constant tau,,False,,,,,delta_y ~ treated,False,{}
C,19,20560520,500,2.0,did_with_covariates,2.518611704747405,0.5186117047474048,True,,500,262,238,,,False,ATE/ATT under constant tau,"x1,x2",False,,,,,delta_y ~ treated + x1 + x2,False,{}
C,19,20560520,500,2.0,psm_did,2.3560812768507056,0.35608127685070556,True,,500,262,238,262.0,122.0,True,ATT,"x1,x2",False,0.0026563938899978323,0.023246186579954697,0.0,,,False,{}
